rank,prev_rank,name,league,off,def,spi
1,1,Manchester City,Barclays Premier League,3.29,0.2,95.46
2,2,Bayern Munich,German Bundesliga,3.51,0.31,95.21
3,3,Liverpool,Barclays Premier League,2.81,0.34,91.1
4,4,Paris Saint-Germain,French Ligue 1,3.18,0.6,89.88
5,5,Barcelona,Spanish Primera Division,2.92,0.51,89.21
6,6,Real Madrid,Spanish Primera Division,2.52,0.36,88.48
7,7,Manchester United,Barclays Premier League,2.46,0.34,88.2
8,8,RB Leipzig,German Bundesliga,2.52,0.52,85.42
9,9,Chelsea,Barclays Premier League,2.56,0.54,85.41
10,10,Atletico Madrid,Spanish Primera Division,2.13,0.32,85.21
11,11,Borussia Dortmund,German Bundesliga,2.38,0.55,83.29
12,13,Internazionale,Italy Serie A,2.48,0.62,83.07
13,12,Sevilla FC,Spanish Primera Division,2.07,0.42,82.36
14,14,Atalanta,Italy Serie A,2.46,0.65,82.2
15,15,FC Salzburg,Austrian T-Mobile Bundesliga,3.03,1.05,81.36
16,16,Leicester City,Barclays Premier League,2.13,0.5,81.1
17,17,Juventus,Italy Serie A,2.38,0.67,80.93
18,18,Wolverhampton,Barclays Premier League,1.87,0.36,80.92
19,19,AC Milan,Italy Serie A,2.35,0.65,80.83
20,20,Bayer Leverkusen,German Bundesliga,2.29,0.66,79.76
21,21,Borussia Monchengladbach,German Bundesliga,2.32,0.72,78.93
22,23,Zenit St Petersburg,Russian Premier Liga,2.23,0.67,78.86
23,22,Napoli,Italy Serie A,2.13,0.63,78.38
24,24,Real Sociedad,Spanish Primera Division,1.96,0.58,76.97
25,25,Villarreal,Spanish Primera Division,2.17,0.73,76.73
26,26,Getafe,Spanish Primera Division,1.71,0.43,76.55
27,27,Ajax,Dutch Eredivisie,2.54,0.99,76.46
28,28,Tottenham Hotspur,Barclays Premier League,2.07,0.67,76.37
29,29,Arsenal,Barclays Premier League,2.12,0.71,76.36
30,30,AS Roma,Italy Serie A,2.22,0.8,75.92
31,31,FC Porto,Portuguese Liga,2.03,0.67,75.75
32,32,Granada,Spanish Primera Division,1.93,0.61,75.71
33,33,Southampton,Barclays Premier League,2.07,0.72,75.27
34,34,Olympiacos,Greek Super League,2.05,0.71,75.22
35,35,TSG Hoffenheim,German Bundesliga,2.33,0.96,74.11
36,36,Lyon,French Ligue 1,1.85,0.63,73.92
37,37,VfL Wolfsburg,German Bundesliga,1.99,0.74,73.7
38,38,Everton,Barclays Premier League,1.89,0.67,73.51
39,39,Leganes,Spanish Primera Division,1.66,0.52,73.47
40,41,Benfica,Portuguese Liga,2.07,0.86,72.11
41,42,Real Betis,Spanish Primera Division,1.96,0.8,71.69
42,40,Shakhtar Donetsk,UEFA Europa League,2.2,0.98,71.49
43,43,Eintracht Frankfurt,German Bundesliga,2.13,0.94,71.41
44,44,Lazio,Italy Serie A,2.06,0.89,71.4
45,45,Sheffield United,Barclays Premier League,1.71,0.63,71.32
46,46,Burnley,Barclays Premier League,1.8,0.71,71.07
47,48,Lille,French Ligue 1,1.75,0.68,70.78
48,49,Watford,Barclays Premier League,1.96,0.84,70.77
49,50,Osasuna,Spanish Primera Division,1.83,0.75,70.49
50,51,West Ham United,Barclays Premier League,2.01,0.89,70.36
51,52,Leeds United,English League Championship,1.81,0.76,70.01
52,53,Celta Vigo,Spanish Primera Division,1.77,0.73,69.9
53,47,Flamengo,Brasileiro Série A,1.92,0.85,69.65
54,54,Fiorentina,Italy Serie A,1.8,0.77,69.41
55,55,Brighton and Hove Albion,Barclays Premier League,1.78,0.77,69.05
56,56,Young Boys,Swiss Raiffeisen Super League,2.21,1.11,69.01
57,57,Eibar,Spanish Primera Division,1.74,0.75,68.79
58,58,Crystal Palace,Barclays Premier League,1.69,0.73,68.51
59,59,Club Brugge,Belgian Jupiler League,1.84,0.84,68.44
60,60,AS Monaco,French Ligue 1,1.96,0.97,67.69
61,62,Espanyol,Spanish Primera Division,1.64,0.73,67.39
62,71,Palmeiras,Brasileiro Série A,1.69,0.77,67.29
63,61,Celtic,Scottish Premiership,2.08,1.08,67.22
64,63,AFC Bournemouth,Barclays Premier League,1.97,1.0,67.13
65,64,Marseille,French Ligue 1,1.71,0.8,67.12
66,65,Dynamo Kiev,UEFA Europa League,1.97,1.01,67.02
67,66,AZ,Dutch Eredivisie,1.9,0.95,66.93
68,67,Hertha Berlin,German Bundesliga,1.91,0.96,66.92
69,68,Grêmio,Brasileiro Série A,1.71,0.81,66.85
70,69,Stade Rennes,French Ligue 1,1.6,0.73,66.62
71,70,Basel,Swiss Raiffeisen Super League,2.03,1.08,66.54
72,72,Valencia,Spanish Primera Division,1.8,0.91,66.19
73,73,Sassuolo,Italy Serie A,1.98,1.05,66.18
74,74,Brentford,English League Championship,1.68,0.83,65.83
75,75,Athletic Bilbao,Spanish Primera Division,1.67,0.82,65.79
76,76,Aston Villa,Barclays Premier League,1.76,0.89,65.63
77,77,River Plate,Argentina Primera Division,1.74,0.88,65.48
78,78,Dinamo Zagreb,UEFA Champions League,2.05,1.14,65.45
79,79,SC Freiburg,German Bundesliga,1.96,1.07,65.43
80,80,Real Valladolid,Spanish Primera Division,1.54,0.73,65.29
81,81,Levante,Spanish Primera Division,1.87,1.0,65.25
82,84,Werder Bremen,German Bundesliga,1.82,0.98,64.98
83,85,Mainz,German Bundesliga,1.91,1.05,64.9
84,82,FC Krasnodar,Russian Premier Liga,1.64,0.85,64.49
85,86,PSV,Dutch Eredivisie,1.87,1.04,64.48
86,87,FC Cologne,German Bundesliga,1.95,1.1,64.37
87,88,LASK Linz,Austrian T-Mobile Bundesliga,1.9,1.09,63.86
88,89,Braga,Portuguese Liga,1.84,1.04,63.74
89,83,CSKA Moscow,Russian Premier Liga,1.71,0.93,63.67
90,90,Slavia Prague,UEFA Champions League,1.92,1.13,63.19
91,91,Newcastle,Barclays Premier League,1.65,0.92,62.87
92,92,Strasbourg,French Ligue 1,1.57,0.86,62.68
93,93,1. FC Union Berlin,German Bundesliga,1.7,0.97,62.53
94,94,Sampdoria,Italy Serie A,1.78,1.07,61.95
95,95,Udinese,Italy Serie A,1.56,0.88,61.87
96,96,Guangzhou Evergrande,Chinese Super League,1.87,1.15,61.79
97,97,Bordeaux,French Ligue 1,1.5,0.84,61.76
98,98,Mallorca,Spanish Primera Division,1.77,1.06,61.73
99,99,Alavés,Spanish Primera Division,1.58,0.9,61.69
100,101,Montpellier,French Ligue 1,1.56,0.89,61.55
101,102,Angers,French Ligue 1,1.4,0.76,61.51
102,103,FC Augsburg,German Bundesliga,1.7,1.02,61.4
103,100,Lokomotiv Moscow,Russian Premier Liga,1.57,0.91,61.31
104,104,West Bromwich Albion,English League Championship,1.57,0.92,61.24
105,105,Nantes,French Ligue 1,1.5,0.86,60.98
106,106,Sporting CP,Portuguese Liga,1.48,0.86,60.7
107,107,FC Midtjylland,Danish SAS-Ligaen,1.76,1.1,60.61
108,108,Verona,Italy Serie A,1.65,1.02,60.48
109,109,PAOK Salonika,Greek Super League,1.46,0.85,60.44
110,110,Reims,French Ligue 1,1.36,0.77,60.28
111,111,Boca Juniors,Argentina Primera Division,1.47,0.87,60.25
112,112,AEK Athens,Greek Super League,1.53,0.92,60.22
113,113,Fortuna Düsseldorf,German Bundesliga,1.69,1.08,59.75
114,114,KAA Gent,Belgian Jupiler League,1.8,1.18,59.67
115,115,Schalke 04,German Bundesliga,1.63,1.03,59.6
116,116,Istanbul Basaksehir,Turkish Turkcell Super Lig,1.69,1.09,59.44
117,117,Guimaraes,Portuguese Liga,1.53,0.95,59.32
118,118,Feyenoord,Dutch Eredivisie,1.9,1.29,59.31
119,119,Besiktas,Turkish Turkcell Super Lig,1.82,1.21,59.28
120,120,Internacional,Brasileiro Série A,1.47,0.91,59.0
121,121,Rapid Vienna,Austrian T-Mobile Bundesliga,1.86,1.26,58.93
122,135,Kawasaki Frontale,Japanese J League,1.85,1.26,58.88
123,122,Bologna,Italy Serie A,1.67,1.1,58.77
124,123,Ludogorets,UEFA Europa League,1.65,1.08,58.74
125,151,Spartak Moscow,Russian Premier Liga,1.55,1.0,58.7
126,124,Trabzonspor,Turkish Turkcell Super Lig,1.98,1.38,58.69
127,131,Monterrey,Mexican Primera Division Torneo Apertura,1.71,1.15,58.5
128,126,Rio Ave,Portuguese Liga,1.53,0.99,58.4
129,127,Shanghai SIPG,Chinese Super League,1.69,1.13,58.37
130,128,Beijing Guoan,Chinese Super League,1.76,1.21,58.34
131,129,Sporting de Charleroi,Belgian Jupiler League,1.55,1.02,58.19
132,130,Nice,French Ligue 1,1.57,1.04,58.14
133,134,São Paulo,Brasileiro Série A,1.41,0.9,57.89
134,133,Torino,Italy Serie A,1.66,1.13,57.88
135,136,Santos,Brasileiro Série A,1.48,0.97,57.86
136,138,Wolfsberger AC,Austrian T-Mobile Bundesliga,1.8,1.27,57.62
137,139,Rangers,Scottish Premiership,1.54,1.04,57.32
138,142,Anderlecht,Belgian Jupiler League,1.53,1.05,56.78
139,143,Red Star Belgrade,UEFA Champions League,1.92,1.43,56.48
140,144,Parma,Italy Serie A,1.74,1.27,56.36
141,141,Cruz Azul,Mexican Primera Division Torneo Apertura,1.67,1.2,56.35
142,145,Galatasaray,Turkish Turkcell Super Lig,1.69,1.23,56.26
143,152,Molde,Norwegian Tippeligaen,1.99,1.51,56.26
144,146,Fulham,English League Championship,1.43,0.99,56.17
145,147,St Etienne,French Ligue 1,1.42,0.98,56.16
146,148,Apoel Nicosia,UEFA Europa League,1.55,1.11,56.09
147,149,Genoa,Italy Serie A,1.65,1.21,55.97
148,125,Tigres UANL,Mexican Primera Division Torneo Apertura,1.52,1.08,55.91
149,137,Los Angeles FC,Major League Soccer,1.93,1.47,55.87
150,150,Dijon FCO,French Ligue 1,1.43,1.01,55.76
151,132,Malmo FF,Swedish Allsvenskan,1.65,1.22,55.74
152,140,Atlético Paranaense,Brasileiro Série A,1.32,0.91,55.54
153,153,FC Copenhagen,Danish SAS-Ligaen,1.55,1.14,55.29
154,154,Nimes,French Ligue 1,1.52,1.11,55.21
155,155,Cagliari,Italy Serie A,1.52,1.12,55.16
156,156,Brest,French Ligue 1,1.52,1.12,55.03
157,158,Ferencvaros,UEFA Europa League,1.59,1.22,54.14
158,159,Amiens,French Ligue 1,1.38,1.03,54.01
159,165,Corinthians,Brasileiro Série A,1.42,1.07,53.96
160,161,Atletico Mineiro,Brasileiro Série A,1.43,1.09,53.64
161,160,SC Paderborn,German Bundesliga,1.62,1.28,53.63
162,162,Alanyaspor,Turkish Turkcell Super Lig,1.57,1.23,53.53
163,164,Velez Sarsfield,Argentina Primera Division,1.22,0.9,53.34
164,166,Norwich City,Barclays Premier League,1.48,1.16,53.14
165,167,St Gallen,Swiss Raiffeisen Super League,1.97,1.64,53.04
166,168,AGF Aarhus,Danish SAS-Ligaen,1.6,1.29,52.92
167,169,Stoke City,English League Championship,1.44,1.14,52.75
168,170,Metz,French Ligue 1,1.33,1.03,52.71
169,171,FK Partizan Belgrade,UEFA Europa League,1.51,1.21,52.7
170,190,Bodo/Glimt,Norwegian Tippeligaen,2.03,1.72,52.65
171,172,Genk,Belgian Jupiler League,1.69,1.39,52.59
172,173,Wigan,English League Championship,1.36,1.06,52.51
173,174,FC Utrecht,Dutch Eredivisie,1.55,1.26,52.48
174,175,FK Qarabag,UEFA Europa League,1.44,1.16,52.29
175,157,Club América,Mexican Primera Division Torneo Apertura,1.52,1.25,51.99
176,177,Brondby,Danish SAS-Ligaen,1.47,1.2,51.96
177,189,Fluminense,Brasileiro Série A,1.31,1.05,51.87
178,178,Defensa y Justicia,Argentina Primera Division,1.28,1.02,51.81
179,179,Cardiff City,English League Championship,1.4,1.15,51.73
180,180,Antwerp,Belgian Jupiler League,1.41,1.16,51.49
181,181,VfB Stuttgart,German 2. Bundesliga,1.64,1.39,51.43
182,182,Jiangsu Suning FC,Chinese Super League,1.5,1.26,51.28
183,185,Millwall,English League Championship,1.39,1.16,50.94
184,195,Vasco da Gama,Brasileiro Série A,1.3,1.07,50.89
185,187,CFR 1907 Cluj,UEFA Europa League,1.49,1.27,50.79
186,188,Lecce,Italy Serie A,1.8,1.58,50.75
187,191,FC Astana,UEFA Europa League,1.54,1.33,50.65
188,192,Vitesse,Dutch Eredivisie,1.7,1.49,50.51
189,184,Dinamo Moscow,Russian Premier Liga,1.18,0.97,50.49
190,193,Standard Liege,Belgian Jupiler League,1.44,1.24,50.48
191,176,Santos Laguna,Mexican Primera Division Torneo Apertura,1.49,1.29,50.46
192,186,León,Mexican Primera Division Torneo Apertura,1.37,1.17,50.3
193,163,Sochi,Russian Premier Liga,1.42,1.22,50.29
194,194,Swansea City,English League Championship,1.42,1.22,50.19
195,196,Preston North End,English League Championship,1.23,1.05,49.89
196,197,Shandong Luneng,Chinese Super League,1.6,1.43,49.81
197,198,Fenerbahce,Turkish Turkcell Super Lig,1.55,1.39,49.55
198,199,CA Independiente,Argentina Primera Division,1.2,1.04,49.46
199,201,Rosenborg,Norwegian Tippeligaen,1.55,1.41,49.07
200,183,Rostov,Russian Premier Liga,1.33,1.18,48.98
201,203,Newell's Old Boys,Argentina Primera Division,1.24,1.11,48.58
202,204,Toulouse,French Ligue 1,1.38,1.25,48.56
203,205,Barnsley,English League Championship,1.28,1.16,48.54
204,207,Santa Clara,Portuguese Liga,1.31,1.19,48.45
205,208,Racing Club,Argentina Primera Division,1.18,1.06,48.4
206,209,Sivasspor,Turkish Turkcell Super Lig,1.44,1.32,48.37
207,210,Blackburn,English League Championship,1.37,1.26,48.29
208,211,Pachuca,Mexican Primera Division Torneo Apertura,1.3,1.19,48.11
209,200,FC Arsenal Tula,Russian Premier Liga,1.32,1.22,48.02
210,212,FC Lugano,Swiss Raiffeisen Super League,1.39,1.3,47.92
211,213,Derby County,English League Championship,1.37,1.29,47.56
212,214,Panathinaikos,Greek Super League,1.08,0.98,47.54
213,230,Rubin Kazan,Russian Premier Liga,1.11,1.02,47.43
214,237,Toronto FC,Major League Soccer,1.48,1.44,46.79
215,202,Bahía,Brasileiro Série A,1.25,1.2,46.75
216,216,Portimonense,Portuguese Liga,1.19,1.15,46.53
217,217,AaB,Danish SAS-Ligaen,1.3,1.27,46.4
218,206,FC Ufa,Russian Premier Liga,1.04,0.99,46.23
219,215,Djurgardens IF,Swedish Allsvenskan,1.31,1.29,46.17
220,219,Guadalajara,Mexican Primera Division Torneo Apertura,1.29,1.27,46.05
221,218,Morelia,Mexican Primera Division Torneo Clausura,1.43,1.42,46.04
222,220,Queens Park Rangers,English League Championship,1.49,1.49,45.94
223,221,Huddersfield Town,English League Championship,1.23,1.21,45.88
224,222,Spal,Italy Serie A,1.41,1.41,45.86
225,226,Ceará,Brasileiro Série A,1.23,1.21,45.84
226,240,IFK Norrkoping,Swedish Allsvenskan,1.62,1.64,45.72
227,223,PFC Oleksandriya,UEFA Europa League,1.33,1.33,45.69
228,224,Lanus,Argentina Primera Division,1.28,1.27,45.68
229,251,Fortaleza,Brasileiro Série A,1.22,1.21,45.65
230,225,Sheffield Wednesday,English League Championship,1.33,1.33,45.64
231,252,Yokohama F. Marinos,Japanese J League,1.56,1.58,45.6
232,227,Gil Vicente,Portuguese Liga,1.22,1.22,45.54
233,228,Famalicao,Portuguese Liga,1.3,1.3,45.54
234,229,Middlesbrough,English League Championship,1.26,1.28,45.26
235,250,Pumas Unam,Mexican Primera Division Torneo Apertura,1.31,1.32,45.25
236,231,Bristol City,English League Championship,1.32,1.35,45.1
237,232,Nottingham Forest,English League Championship,1.23,1.24,45.05
238,233,Brescia,Italy Serie A,1.5,1.55,44.97
239,242,Bragantino,Brasileiro Série A,1.28,1.31,44.95
240,234,Heracles,Dutch Eredivisie,1.46,1.5,44.93
241,235,Talleres de Córdoba,Argentina Primera Division,1.21,1.23,44.82
242,236,FC Nordsjaelland,Danish SAS-Ligaen,1.43,1.49,44.74
243,238,Slovan Bratislava,UEFA Europa League,1.26,1.3,44.65
244,241,Pacos Ferreira,Portuguese Liga,1.26,1.31,44.55
245,245,Willem II,Dutch Eredivisie,1.54,1.61,44.49
246,246,Kasimpasa,Turkish Turkcell Super Lig,1.5,1.58,44.42
247,266,Seattle Sounders FC,Major League Soccer,1.39,1.46,44.28
248,248,Tondela,Portuguese Liga,1.18,1.24,44.13
249,249,Servette,Swiss Raiffeisen Super League,1.51,1.59,44.13
250,243,New York City FC,Major League Soccer,1.35,1.43,43.98
251,244,Philadelphia Union,Major League Soccer,1.36,1.45,43.82
252,253,Aris Salonika,Greek Super League,1.32,1.4,43.8
253,255,Gazisehir Gaziantep,Turkish Turkcell Super Lig,1.31,1.39,43.74
254,254,Arizona United,United Soccer League,1.62,1.75,43.6
255,256,Birmingham,English League Championship,1.32,1.41,43.52
256,257,FK Austria Vienna,Austrian T-Mobile Bundesliga,1.34,1.44,43.5
257,260,Lorient,French Ligue 2,1.28,1.39,43.35
258,261,Arminia Bielefeld,German 2. Bundesliga,1.22,1.32,43.29
259,262,Moreirense,Portuguese Liga,1.22,1.31,43.28
260,284,Tijuana,Mexican Primera Division Torneo Apertura,1.22,1.32,43.21
261,297,Terek Grozny,Russian Premier Liga,1.16,1.26,43.15
262,276,Columbus Crew,Major League Soccer,1.18,1.28,43.09
263,263,Reading,English League Championship,1.24,1.35,43.04
264,264,Argentinos Juniors,Argentina Primera Division,1.0,1.08,42.87
265,267,Rosario Central,Argentina Primera Division,1.15,1.27,42.73
266,265,Inter Miami CF,Major League Soccer,1.29,1.42,42.71
267,268,FC Groningen,Dutch Eredivisie,0.93,1.01,42.7
268,259,Atlanta United FC,Major League Soccer,1.26,1.39,42.7
269,302,Ural Sverdlovsk Oblast,Russian Premier Liga,1.23,1.35,42.7
270,272,Sporting Kansas City,Major League Soccer,1.41,1.57,42.62
271,269,Estudiantes,Argentina Primera Division,1.0,1.1,42.6
272,239,FC Tambov,Russian Premier Liga,1.19,1.32,42.48
273,271,Heerenveen,Dutch Eredivisie,1.51,1.69,42.37
274,292,Los Angeles Galaxy,Major League Soccer,1.62,1.81,42.32
275,247,Hammarby,Swedish Allsvenskan,1.44,1.62,42.16
276,273,KV Mechelen,Belgian Jupiler League,1.34,1.51,42.09
277,274,KV Kortrijk,Belgian Jupiler League,1.29,1.46,42.02
278,275,Maritimo,Portuguese Liga,1.07,1.2,42.02
279,295,Necaxa,Mexican Primera Division Torneo Apertura,1.19,1.34,41.9
280,277,Arsenal Sarandi,Argentina Primera Division,1.28,1.45,41.78
281,278,Hannover 96,German 2. Bundesliga,1.3,1.48,41.7
282,258,Goiás,Brasileiro Série A,1.23,1.4,41.65
283,282,Tianjin Teda,Chinese Super League,1.28,1.47,41.44
284,293,Sport Recife,Brasileiro Série A,1.16,1.33,41.36
285,283,Sparta,Dutch Eredivisie,1.47,1.69,41.33
286,285,Rayo Vallecano,Spanish Segunda Division,1.27,1.47,41.28
287,286,Atlético Tucumán,Argentina Primera Division,1.07,1.24,41.23
288,305,Botafogo,Brasileiro Série A,1.11,1.29,41.18
289,279,Cerezo Osaka,Japanese J League,1.05,1.22,41.18
290,289,FC Luzern,Swiss Raiffeisen Super League,1.29,1.5,40.97
291,290,San Lorenzo,Argentina Primera Division,1.14,1.33,40.96
292,288,BK Hacken,Swedish Allsvenskan,1.28,1.49,40.92
293,296,Boavista,Portuguese Liga,0.98,1.15,40.79
294,332,Querétaro,Mexican Primera Division Torneo Apertura,1.14,1.35,40.69
295,298,Hamburg SV,German 2. Bundesliga,1.33,1.58,40.49
296,323,Toluca,Mexican Primera Division Torneo Apertura,1.32,1.56,40.48
297,299,Goztepe,Turkish Turkcell Super Lig,1.28,1.52,40.47
298,333,FC Tokyo,Japanese J League,1.18,1.4,40.42
299,280,Atlético Goianiense,Brasileiro Série A,1.13,1.34,40.41
300,300,Patronato,Argentina Primera Division,1.2,1.43,40.35
301,291,Minnesota United FC,Major League Soccer,1.31,1.56,40.34
302,301,Gimnasia La Plata,Argentina Primera Division,0.98,1.17,40.3
303,303,Mouscron-Peruwelz,Belgian Jupiler League,1.19,1.42,40.27
304,270,Kashima Antlers,Japanese J League,1.19,1.42,40.27
305,304,San Jose Earthquakes,Major League Soccer,1.47,1.75,40.1
306,306,SD Huesca,Spanish Segunda Division,1.09,1.32,39.94
307,309,Hartberg,Austrian T-Mobile Bundesliga,1.56,1.87,39.85
308,310,Lens,French Ligue 2,1.02,1.23,39.84
309,294,Chicago Fire,Major League Soccer,1.32,1.6,39.7
310,311,Banfield,Argentina Primera Division,0.98,1.2,39.66
311,308,Girona FC,Spanish Segunda Division,0.96,1.18,39.66
312,327,Atlético San Luis,Mexican Primera Division Torneo Apertura,1.2,1.46,39.65
313,312,Guingamp,French Ligue 2,1.19,1.46,39.62
314,313,Coritiba,Brasileiro Série A,1.11,1.36,39.54
315,314,Antalyaspor,Turkish Turkcell Super Lig,1.19,1.45,39.5
316,319,Orlando City SC,Major League Soccer,1.28,1.57,39.36
317,315,Charlton Athletic,English League Championship,1.18,1.45,39.33
318,316,SV Sandhausen,German 2. Bundesliga,1.29,1.59,39.32
319,317,Odense BK,Danish SAS-Ligaen,1.17,1.45,39.28
320,318,Konyaspor,Turkish Turkcell Super Lig,1.18,1.46,39.21
321,320,Union Santa Fe,Argentina Primera Division,1.0,1.25,39.16
322,329,New England Revolution,Major League Soccer,1.24,1.53,39.05
323,324,Asteras Tripolis,Greek Super League,1.04,1.3,39.02
324,326,Troyes,French Ligue 2,1.0,1.26,38.84
325,328,Shanghai Greenland,Chinese Super League,1.34,1.68,38.68
326,330,Henan Jianye,Chinese Super League,1.25,1.57,38.55
327,,FC Khimki,Russian Premier Liga,1.12,1.42,38.45
328,334,New York Red Bulls,Major League Soccer,1.28,1.62,38.39
329,331,Cashpoint SC Rheindorf Altach,Austrian T-Mobile Bundesliga,1.15,1.46,38.35
330,335,Hebei China Fortune FC,Chinese Super League,1.29,1.65,38.14
331,356,Nagoya Grampus Eight,Japanese J League,1.16,1.5,38.09
332,336,Mamelodi Sundowns,South African ABSA Premier League,0.98,1.26,38.09
333,325,Almeria,Spanish Segunda Division,1.03,1.33,38.08
334,307,FC Dallas,Major League Soccer,1.22,1.56,38.08
335,337,FC Juárez,Mexican Primera Division Torneo Apertura,1.13,1.46,38.05
336,338,FC Sion,Swiss Raiffeisen Super League,1.09,1.41,37.96
337,339,Thun,Swiss Raiffeisen Super League,1.38,1.76,37.94
338,340,Huracán,Argentina Primera Division,0.95,1.24,37.93
339,342,SK Sturm Graz,Austrian T-Mobile Bundesliga,1.27,1.63,37.86
340,343,Clermont Foot,French Ligue 2,1.01,1.32,37.68
341,321,Portland Timbers,Major League Soccer,1.33,1.72,37.65
342,344,Randers FC,Danish SAS-Ligaen,1.24,1.61,37.64
343,345,Wuhan Zall,Chinese Super League,1.17,1.53,37.62
344,,FK Volgograd,Russian Premier Liga,1.12,1.46,37.53
345,369,Elche,Spanish Segunda Division,0.95,1.26,37.52
346,346,Belenenses,Portuguese Liga,0.99,1.31,37.43
347,347,PEC Zwolle,Dutch Eredivisie,1.35,1.75,37.41
348,322,Gamba Osaka,Japanese J League,1.19,1.56,37.41
349,348,St. Truidense,Belgian Jupiler League,1.2,1.57,37.34
350,350,Hull City,English League Championship,1.29,1.69,37.27
351,351,Atromitos,Greek Super League,1.0,1.33,37.25
352,352,Benevento,Italy Serie B,1.1,1.46,37.2
353,366,Real Salt Lake,Major League Soccer,0.99,1.32,37.19
354,353,Luton Town,English League Championship,1.1,1.46,37.17
355,354,Central Córdoba Santiago del Estero,Argentina Primera Division,1.0,1.34,37.16
356,355,SV Zulte Waregem,Belgian Jupiler League,1.32,1.74,37.11
357,357,SV Darmstadt 98,German 2. Bundesliga,1.15,1.54,36.94
358,362,Kashiwa Reysol,Japanese J League,1.26,1.68,36.8
359,349,Sanfrecce Hiroshima,Japanese J League,1.02,1.38,36.77
360,358,Dalian Aerbin,Chinese Super League,1.29,1.73,36.66
361,363,Atlas,Mexican Primera Division Torneo Apertura,1.06,1.45,36.58
362,359,Málaga,Spanish Segunda Division,0.7,0.98,36.54
363,360,Las Palmas,Spanish Segunda Division,0.96,1.32,36.49
364,361,Kaizer Chiefs,South African ABSA Premier League,1.01,1.39,36.44
365,341,Puebla,Mexican Primera Division Torneo Apertura,1.0,1.38,36.39
366,364,Crotone,Italy Serie B,1.04,1.44,36.25
367,371,Vissel Kobe,Japanese J League,1.32,1.78,36.24
368,365,FC Twente,Dutch Eredivisie,1.22,1.66,36.17
369,367,Vitoria Setubal,Portuguese Liga,0.93,1.31,35.99
370,368,Peterborough United,English League One,1.23,1.69,35.85
371,370,Le Havre,French Ligue 2,0.95,1.35,35.74
372,373,Caykur Rizespor,Turkish Turkcell Super Lig,1.19,1.65,35.63
373,390,Melbourne City,Australian A-League,1.2,1.67,35.6
374,374,Caen,French Ligue 2,1.08,1.52,35.56
375,376,Tenerife,Spanish Segunda Division,0.93,1.33,35.41
376,377,Cadiz,Spanish Segunda Division,0.84,1.22,35.35
377,378,Fuenlabrada,Spanish Segunda Division,0.88,1.27,35.28
378,380,Emmen,Dutch Eredivisie,1.18,1.66,35.14
379,381,F91 Dudelange,UEFA Europa League,1.4,1.94,35.14
380,382,AC Ajaccio,French Ligue 2,0.88,1.29,34.91
381,383,OFI Crete,Greek Super League,1.06,1.52,34.85
382,384,Chongqing Lifan,Chinese Super League,1.08,1.56,34.78
383,385,1. FC Heidenheim 1846,German 2. Bundesliga,1.02,1.49,34.72
384,386,Sporting Gijón,Spanish Segunda Division,0.76,1.15,34.7
385,387,Yeni Malatyaspor,Turkish Turkcell Super Lig,1.08,1.56,34.68
386,372,Colorado Rapids,Major League Soccer,1.3,1.86,34.53
387,388,Holstein Kiel,German 2. Bundesliga,1.26,1.8,34.41
388,379,IF Elfsborg,Swedish Allsvenskan,1.22,1.75,34.37
389,407,Kristiansund BK,Norwegian Tippeligaen,1.27,1.83,34.29
390,389,Sydney FC,Australian A-League,1.1,1.61,34.25
391,375,Spezia,Italy Serie B,0.95,1.42,34.23
392,392,Houston Dynamo,Major League Soccer,1.14,1.68,34.08
393,391,1. FC Nürnberg,German 2. Bundesliga,1.05,1.56,33.99
394,393,Guangzhou RF,Chinese Super League,1.44,2.07,33.73
395,394,Orlando Pirates,South African ABSA Premier League,0.98,1.48,33.73
396,395,Aldosivi,Argentina Primera Division,0.86,1.33,33.63
397,396,Tianjin Quanujian,Chinese Super League,1.16,1.73,33.51
398,397,VfL Osnabruck,German 2. Bundesliga,1.14,1.71,33.46
399,413,Aberdeen,Scottish Premiership,1.0,1.53,33.26
400,399,Silkeborg,Danish SAS-Ligaen,1.16,1.74,33.23
401,416,Urawa Red Diamonds,Japanese J League,1.1,1.67,33.14
402,404,DC United,Major League Soccer,1.03,1.57,33.12
403,401,Real Oviedo,Spanish Segunda Division,0.91,1.43,33.09
404,402,AD Alcorcon,Spanish Segunda Division,0.95,1.48,33.04
405,403,FC Zurich,Swiss Raiffeisen Super League,1.23,1.84,32.98
406,410,Hibernian,Scottish Premiership,1.04,1.61,32.89
407,398,Perth Glory,Australian A-League,1.11,1.7,32.79
408,405,ADO Den Haag,Dutch Eredivisie,1.21,1.83,32.74
409,406,St. Pölten,Austrian T-Mobile Bundesliga,1.13,1.74,32.68
410,408,Shenzhen FC,Chinese Super League,1.19,1.81,32.64
411,411,Karlsruher SC,German 2. Bundesliga,1.09,1.7,32.31
412,400,Real Zaragoza,Spanish Segunda Division,1.02,1.61,32.3
413,412,Genclerbirligi,Turkish Turkcell Super Lig,0.99,1.57,32.27
414,414,SV Mattersburg,Austrian T-Mobile Bundesliga,1.08,1.7,32.22
415,409,Odd BK,Norwegian Tippeligaen,1.04,1.65,32.12
416,415,Montreal Impact,Major League Soccer,1.09,1.72,32.07
417,417,Newcastle Jets,Australian A-League,1.11,1.76,31.86
418,427,AIK,Swedish Allsvenskan,0.95,1.53,31.86
419,418,Kayserispor,Turkish Turkcell Super Lig,1.18,1.85,31.81
420,419,Ankaragucu,Turkish Turkcell Super Lig,0.97,1.57,31.8
421,420,Mirandes,Spanish Segunda Division,1.04,1.66,31.75
422,421,Sunderland,English League One,0.9,1.47,31.75
423,422,SpVgg Greuther Fürth,German 2. Bundesliga,1.02,1.65,31.75
424,455,San Antonio FC,United Soccer League,1.14,1.81,31.54
425,424,Oxford United,English League One,1.01,1.64,31.53
426,425,Cercle Brugge,Belgian Jupiler League,1.05,1.7,31.46
427,451,IK Sirius,Swedish Allsvenskan,1.22,1.92,31.41
428,423,Consadole Sapporo,Japanese J League,1.15,1.84,31.36
429,426,Deportivo La Coruña,Spanish Segunda Division,0.91,1.51,31.29
430,428,Rotherham United,English League One,1.09,1.77,31.02
431,429,Albacete,Spanish Segunda Division,0.74,1.29,31.02
432,430,Lugo,Spanish Segunda Division,0.86,1.47,30.87
433,431,AC Horsens,Danish SAS-Ligaen,1.0,1.67,30.84
434,432,VfL Bochum,German 2. Bundesliga,1.0,1.67,30.82
435,433,Portsmouth,English League One,0.94,1.59,30.77
436,434,Denizlispor,Turkish Turkcell Super Lig,0.87,1.5,30.57
437,435,Valenciennes,French Ligue 2,0.8,1.4,30.47
438,436,Eupen,Belgian Jupiler League,1.04,1.74,30.42
439,438,Sonderjyske,Danish SAS-Ligaen,0.96,1.65,30.19
440,445,Wellington Phoenix,Australian A-League,1.1,1.83,30.17
441,439,Panetolikos,Greek Super League,0.86,1.51,30.07
442,440,Colon Santa Fe,Argentina Primera Division,0.83,1.48,29.95
443,447,IFK Goteborg,Swedish Allsvenskan,1.01,1.73,29.82
444,441,Godoy Cruz,Argentina Primera Division,0.94,1.64,29.76
445,442,Jahn Regensburg,German 2. Bundesliga,1.09,1.85,29.72
446,463,Nashville SC,Major League Soccer,0.86,1.53,29.7
447,443,SuperSport United,South African ABSA Premier League,0.81,1.46,29.64
448,444,VVV Venlo,Dutch Eredivisie,1.04,1.8,29.59
449,446,Coventry City,English League One,0.83,1.49,29.55
450,448,Auxerre,French Ligue 2,0.77,1.42,29.4
451,449,Adelaide United,Australian A-League,1.22,2.05,29.37
452,437,Tampa Bay Rowdies,United Soccer League,0.97,1.71,29.29
453,450,Fortuna Sittard,Dutch Eredivisie,1.04,1.81,29.12
454,471,Viking FK,Norwegian Tippeligaen,1.11,1.94,28.75
455,453,Hobro IK,Danish SAS-Ligaen,0.97,1.75,28.68
456,454,Desportivo Aves,Portuguese Liga,0.82,1.53,28.63
457,456,Chievo Verona,Italy Serie B,0.85,1.58,28.59
458,460,Orange County SC,United Soccer League,0.94,1.71,28.47
459,457,Erzgebirge Aue,German 2. Bundesliga,0.93,1.7,28.46
460,458,Bidvest Wits,South African ABSA Premier League,0.74,1.44,28.42
461,459,AS Nancy Lorraine,French Ligue 2,0.73,1.42,28.24
462,461,Larissa,Greek Super League,0.7,1.38,28.18
463,473,Frosinone,Italy Serie B,0.79,1.52,28.14
464,464,RKC,Dutch Eredivisie,1.04,1.89,27.95
465,452,Valerenga,Norwegian Tippeligaen,0.94,1.75,27.93
466,468,Stabaek,Norwegian Tippeligaen,0.93,1.74,27.89
467,465,Extremadura UD,Spanish Segunda Division,0.84,1.62,27.6
468,466,Lamia,Greek Super League,0.55,1.18,27.53
469,467,Cittadella,Italy Serie B,0.88,1.69,27.49
470,469,Indy Eleven,United Soccer League,0.86,1.66,27.36
471,472,Doncaster Rovers,English League One,0.84,1.65,27.3
472,481,Pittsburgh Riverhounds,United Soccer League,0.93,1.77,27.28
473,474,FC Trenkwalder Admira,Austrian T-Mobile Bundesliga,0.92,1.76,27.18
474,475,Numancia,Spanish Segunda Division,0.81,1.61,27.14
475,476,SV Wehen Wiesbaden,German 2. Bundesliga,1.11,2.04,27.09
476,478,FC St. Pauli,German 2. Bundesliga,0.96,1.84,26.99
477,499,Reno 1868 FC,United Soccer League,1.03,1.94,26.92
478,479,Guizhou Renhe,Chinese Super League,0.94,1.82,26.81
479,480,Western Sydney FC,Australian A-League,1.07,2.0,26.8
480,482,Esbjerg,Danish SAS-Ligaen,1.0,1.91,26.76
481,483,Melbourne Victory,Australian A-League,1.07,2.01,26.6
482,484,SD Ponferradina,Spanish Segunda Division,0.75,1.55,26.6
483,462,Western United,Australian A-League,1.04,1.98,26.58
484,470,Kilmarnock,Scottish Premiership,0.88,1.74,26.55
485,485,KV Oostende,Belgian Jupiler League,0.97,1.88,26.49
486,477,Shimizu S-Pulse,Japanese J League,1.08,2.04,26.43
487,489,Brisbane Roar,Australian A-League,0.91,1.81,26.16
488,490,Empoli,Italy Serie B,0.89,1.79,26.07
489,491,Neuchatel Xamax,Swiss Raiffeisen Super League,0.88,1.77,26.06
490,486,Livingston,Scottish Premiership,0.89,1.79,26.03
491,487,Dundee Utd,Scottish Premiership,0.81,1.68,25.97
492,493,Chambly Thelle FC,French Ligue 2,0.76,1.61,25.81
493,494,FC Xanthi,Greek Super League,0.58,1.33,25.81
494,495,Grenoble,French Ligue 2,0.73,1.56,25.8
495,496,Dynamo Dresden,German 2. Bundesliga,0.84,1.74,25.7
496,502,Haugesund,Norwegian Tippeligaen,0.82,1.72,25.62
497,497,Vegalta Sendai,Japanese J League,0.8,1.68,25.61
498,498,Rodez,French Ligue 2,0.76,1.61,25.61
499,500,Mazatlán FC,Mexican Primera Division Torneo Apertura,0.8,1.69,25.39
500,501,Lyngby,Danish SAS-Ligaen,0.87,1.8,25.36
501,488,Motherwell,Scottish Premiership,0.76,1.66,25.07
502,503,WSG Swarovski Wattens,Austrian T-Mobile Bundesliga,0.93,1.93,24.76
503,504,Sochaux,French Ligue 2,0.68,1.55,24.74
504,530,Östersunds FK,Swedish Allsvenskan,0.73,1.62,24.7
505,492,SK Brann,Norwegian Tippeligaen,0.82,1.77,24.6
506,506,Trapani,Italy Serie B,0.89,1.88,24.59
507,507,Fleetwood Town,English League One,0.81,1.77,24.59
508,508,Cremonese,Italy Serie B,0.7,1.59,24.57
509,509,Salernitana,Italy Serie B,0.8,1.75,24.53
510,510,Paris FC,French Ligue 2,0.69,1.58,24.49
511,512,Black Aces,South African ABSA Premier League,0.81,1.78,24.28
512,513,Cosenza,Italy Serie B,0.81,1.78,24.24
513,514,Le Mans,French Ligue 2,0.83,1.82,24.08
514,516,Maritzburg Utd,South African ABSA Premier League,0.56,1.39,24.05
515,511,FC Cincinnati,Major League Soccer,0.83,1.84,24.0
516,531,Louisville City FC,United Soccer League,0.87,1.89,23.93
517,517,Ipswich Town,English League One,0.71,1.65,23.91
518,518,Virtus Entella,Italy Serie B,0.76,1.73,23.89
519,519,Racing Santander,Spanish Segunda Division,0.69,1.62,23.85
520,515,Miami FC,United Soccer League,0.99,2.1,23.66
521,538,Mjallby,Swedish Allsvenskan,0.87,1.92,23.53
522,521,Chateauroux,French Ligue 2,0.72,1.69,23.5
523,522,Stromsgodset,Norwegian Tippeligaen,1.05,2.21,23.4
524,523,Waasland-Beveren,Belgian Jupiler League,0.86,1.92,23.38
525,541,New Mexico United,United Soccer League,0.92,2.02,23.3
526,505,Sarpsborg,Norwegian Tippeligaen,0.77,1.79,23.29
527,525,Wycombe Wanderers,English League One,0.83,1.89,23.1
528,527,Gillingham,English League One,0.66,1.64,22.95
529,528,Sacramento Republic FC,United Soccer League,0.75,1.8,22.74
530,529,Pordenone Calcio,Italy Serie B,0.72,1.75,22.7
531,532,Oita Trinita,Japanese J League,0.64,1.62,22.6
532,526,Orebro SK,Swedish Allsvenskan,0.79,1.86,22.47
533,534,Austin Bold FC,United Soccer League,0.95,2.12,22.4
534,533,Bloem Celtic,South African ABSA Premier League,0.8,1.9,22.37
535,535,F.B.C Unione Venezia,Italy Serie B,0.67,1.68,22.33
536,520,St Johnstone,Scottish Premiership,0.68,1.71,22.2
537,537,US Pescara,Italy Serie B,0.69,1.74,22.08
538,536,St Mirren,Scottish Premiership,0.65,1.67,22.08
539,539,Niort,French Ligue 2,0.76,1.87,21.87
540,540,Panionios,Greek Super League,0.51,1.45,21.84
541,546,Varbergs BoIS FC,Swedish Allsvenskan,0.81,1.95,21.73
542,542,Ross County,Scottish Premiership,0.78,1.91,21.59
543,524,Vancouver Whitecaps,Major League Soccer,0.81,1.98,21.47
544,543,Volos NFC,Greek Super League,0.65,1.73,21.22
545,544,Burton Albion,English League One,0.87,2.09,21.18
546,547,Pisa,Italy Serie B,0.68,1.8,20.84
547,554,Hamilton Academical,Scottish Premiership,0.72,1.88,20.69
548,548,Swindon Town,English League Two,0.76,1.98,20.19
549,550,Lincoln City,English League One,0.7,1.9,20.12
550,551,Sagan Tosu,Japanese J League,0.57,1.68,20.0
551,549,Birmingham Legion FC,United Soccer League,0.72,1.95,19.81
552,545,Helsingborgs IF,Swedish Allsvenskan,0.72,1.96,19.72
553,556,Juve Stabia,Italy Serie B,0.76,2.03,19.68
554,567,Saint Louis FC,United Soccer League,0.69,1.91,19.66
555,557,Plymouth Argyle,English League Two,0.71,1.95,19.65
556,558,Perugia,Italy Serie B,0.62,1.8,19.52
557,559,Ascoli,Italy Serie B,0.73,2.0,19.41
558,560,Orléans,French Ligue 2,0.66,1.88,19.39
559,562,Blackpool,English League One,0.64,1.86,19.26
560,563,Milton Keynes Dons,English League One,0.62,1.82,19.21
561,564,Northampton Town,English League Two,0.71,2.0,19.03
562,565,Crewe Alexandra,English League Two,0.77,2.09,19.01
563,566,Highlands Park FC,South African ABSA Premier League,0.57,1.75,18.95
564,571,Falkenbergs FF,Swedish Allsvenskan,0.74,2.05,18.82
565,553,Kalmar FF,Swedish Allsvenskan,0.65,1.91,18.74
566,568,El Paso Locomotive FC,United Soccer League,0.6,1.86,18.24
567,569,Mjondalen,Norwegian Tippeligaen,0.61,1.89,18.14
568,552,Real Monarchs SLC,United Soccer League,0.77,2.17,18.07
569,570,Sandefjord,Norwegian Tippeligaen,0.7,2.06,17.89
570,561,Shonan Bellmare,Japanese J League,0.67,2.02,17.8
571,555,North Carolina FC,United Soccer League,0.68,2.06,17.63
572,572,Accrington Stanley,English League One,0.67,2.04,17.61
573,579,Yokohama FC,Japanese J League,0.65,2.01,17.55
574,573,Central Coast Mariners,Australian A-League,0.78,2.26,17.34
575,582,Charleston Battery,United Soccer League,0.62,1.97,17.29
576,574,Golden Arrows,South African ABSA Premier League,0.43,1.63,17.14
577,575,IK Start,Norwegian Tippeligaen,0.65,2.08,16.7
578,576,Cheltenham Town,English League Two,0.47,1.79,16.06
579,578,Aalesund,Norwegian Tippeligaen,0.87,2.55,15.89
580,577,Charlotte Independence,United Soccer League,0.68,2.24,15.54
581,580,Polokwane City FC,South African ABSA Premier League,0.47,1.84,15.52
582,581,LA Galaxy II,United Soccer League,0.66,2.27,14.77
583,584,Salford City,English League Two,0.53,2.03,14.7
584,586,AFC Wimbledon,English League One,0.48,1.96,14.47
585,587,Colchester United,English League Two,0.5,2.0,14.37
586,588,Rochdale,English League One,0.59,2.2,14.25
587,590,Shrewsbury Town,English League One,0.44,1.9,14.11
588,583,San Diego Loyal SC,United Soccer League,0.49,2.01,14.07
589,591,Bristol Rovers,English League One,0.49,2.01,13.99
590,589,Hartford Athletic,United Soccer League,0.75,2.52,13.94
591,592,Chippa United,South African ABSA Premier League,0.26,1.54,13.92
592,595,AmaZulu,South African ABSA Premier League,0.31,1.68,13.48
593,596,Portland Timbers 2,United Soccer League,0.79,2.66,13.38
594,597,Exeter City,English League Two,0.53,2.17,13.24
595,594,Tulsa Roughnecks,United Soccer League,0.53,2.19,13.13
596,598,Crawley Town,English League Two,0.49,2.13,12.85
597,599,Baroka FC,South African ABSA Premier League,0.24,1.57,12.84
598,600,Livorno,Italy Serie B,0.49,2.15,12.81
599,593,Tacoma Defiance,United Soccer League,0.68,2.52,12.69
600,606,Memphis 901 FC,United Soccer League,0.57,2.31,12.6
601,616,Las Vegas Lights FC,United Soccer League,0.53,2.25,12.57
602,601,Tranmere Rovers,English League One,0.51,2.23,12.43
603,602,Stellenbosch FC,South African ABSA Premier League,0.35,1.89,12.29
604,603,Port Vale,English League Two,0.42,2.07,12.01
605,604,Bradford City,English League Two,0.42,2.07,12.01
606,605,New York Red Bulls II,United Soccer League,0.6,2.46,11.98
607,608,Black Leopards,South African ABSA Premier League,0.39,2.03,11.75
608,609,Mansfield Town,English League Two,0.54,2.35,11.73
609,585,Oklahoma City Energy FC,United Soccer League,0.5,2.27,11.71
610,607,Colorado Springs Switchbacks FC,United Soccer League,0.5,2.28,11.63
611,610,Oldham Athletic,English League Two,0.5,2.35,11.1
612,611,Southend United,English League One,0.62,2.62,10.98
613,612,Scunthorpe,English League Two,0.43,2.3,10.33
614,613,Forest Green Rovers,English League Two,0.37,2.16,10.24
615,614,Walsall,English League Two,0.4,2.26,9.99
616,620,Swope Park Rangers,United Soccer League,0.5,2.5,9.85
617,617,Bolton,English League One,0.38,2.25,9.8
618,618,Leyton Orient,English League Two,0.43,2.37,9.7
619,615,Loudoun United FC,United Soccer League,0.48,2.51,9.51
620,619,Grimsby Town,English League Two,0.38,2.28,9.49
621,621,Atlanta United 2,United Soccer League,0.49,2.62,8.96
622,622,Carlisle United,English League Two,0.28,2.31,7.65
623,623,Newport County,English League Two,0.2,2.11,7.51
624,624,Rio Grande Valley FC Toros,United Soccer League,0.29,2.38,7.31
625,625,Macclesfield,English League Two,0.2,2.27,6.56
626,626,Cambridge United,English League Two,0.2,2.29,6.42
627,627,Stevenage,English League Two,0.2,2.3,6.39
628,628,Morecambe,English League Two,0.2,2.4,5.85
629,629,Bethlehem Steel FC,United Soccer League,0.36,2.94,5.46
